{
  "total_return": 4.98280981808,
  "annualized_return": 0.08877876837790066,
  "annualized_volatility": 0.2065338034635624,
  "sharpe_ratio": 0.4298510311100885,
  "sortino_ratio": 0.5221052662662654,
  "max_drawdown": -0.5727223697875486,
  "calmar_ratio": 0.15501187496977487,
  "expected_shortfall_95": -0.0191346439201279,
  "win_rate": 0.5185884129080959,
  "avg_win": 0.008511571437311597,
  "avg_loss": -0.00919594783775993,
  "turnover": 0.00017600317851820593,
  "total_costs": 210258.78,
  "num_rebalances": 237
}
