{
  "total_return": 2.9072175276300003,
  "annualized_return": 0.06694400821109237,
  "annualized_volatility": 0.17456596485208728,
  "sharpe_ratio": 0.38348831782767717,
  "sortino_ratio": 0.4689565880651768,
  "max_drawdown": -0.5351722685234305,
  "calmar_ratio": 0.12508870909136333,
  "expected_shortfall_95": -0.01628518524555552,
  "win_rate": 0.5127382525004718,
  "avg_win": 0.0072209589505748285,
  "avg_loss": -0.007740615600466242,
  "turnover": 0.004401154761503798,
  "total_costs": 98503.86,
  "num_rebalances": 237
}
