{
  "total_return": 6.2180811267900005,
  "annualized_return": 0.0985780895523185,
  "annualized_volatility": 0.2009980527578433,
  "sharpe_ratio": 0.4904430077791976,
  "sortino_ratio": 0.6304973255504034,
  "max_drawdown": -0.557352802742256,
  "calmar_ratio": 0.17686838402408694,
  "expected_shortfall_95": -0.018817887073357232,
  "win_rate": 0.5346422503303757,
  "avg_win": 0.008402126196297412,
  "avg_loss": -0.008727917968027618,
  "turnover": 0.005653215387966632,
  "total_costs": 121074.14,
  "num_rebalances": 248
}
