{
  "total_return": 3.4312924183,
  "annualized_return": 0.07173605606687361,
  "annualized_volatility": 0.12474693896145325,
  "sharpe_ratio": 0.5750526358730135,
  "sortino_ratio": 0.6899714109441929,
  "max_drawdown": -0.4018503269803499,
  "calmar_ratio": 0.17851436530094308,
  "expected_shortfall_95": -0.011269292213455078,
  "win_rate": 0.5068341337273735,
  "avg_win": 0.005310932444250512,
  "avg_loss": -0.0055081885294478335,
  "turnover": 0.00020592079941286387,
  "total_costs": 27267.06,
  "num_rebalances": 80
}
